MutationType	Count
C>A@A_A	3
C>A@A_C	3
C>A@A_G	4
C>A@A_T	0
C>A@C_A	0
C>A@C_C	4
C>A@C_G	7
C>A@C_T	0
C>A@G_A	3
C>A@G_C	5
C>A@G_G	4
C>A@G_T	2
C>A@T_A	1
C>A@T_C	5
C>A@T_G	0
C>A@T_T	3
C>G@A_A	3
C>G@A_C	2
C>G@A_G	2
C>G@A_T	3
C>G@C_A	1
C>G@C_C	1
C>G@C_G	7
C>G@C_T	8
C>G@G_A	0
C>G@G_C	8
C>G@G_G	2
C>G@G_T	1
C>G@T_A	2
C>G@T_C	5
C>G@T_G	3
C>G@T_T	7
C>T@A_A	8
C>T@A_C	4
C>T@A_G	37
C>T@A_T	9
C>T@C_A	4
C>T@C_C	15
C>T@C_G	33
C>T@C_T	12
C>T@G_A	7
C>T@G_C	5
C>T@G_G	28
C>T@G_T	12
C>T@T_A	5
C>T@T_C	8
C>T@T_G	17
C>T@T_T	12
T>A@A_A	1
T>A@A_C	2
T>A@A_G	2
T>A@A_T	2
T>A@C_A	0
T>A@C_C	2
T>A@C_G	3
T>A@C_T	2
T>A@G_A	1
T>A@G_C	1
T>A@G_G	2
T>A@G_T	0
T>A@T_A	0
T>A@T_C	1
T>A@T_G	2
T>A@T_T	0
T>C@A_A	13
T>C@A_C	6
T>C@A_G	35
T>C@A_T	8
T>C@C_A	4
T>C@C_C	9
T>C@C_G	35
T>C@C_T	7
T>C@G_A	5
T>C@G_C	7
T>C@G_G	19
T>C@G_T	5
T>C@T_A	6
T>C@T_C	1
T>C@T_G	8
T>C@T_T	7
T>G@A_A	1
T>G@A_C	1
T>G@A_G	3
T>G@A_T	0
T>G@C_A	2
T>G@C_C	4
T>G@C_G	2
T>G@C_T	1
T>G@G_A	2
T>G@G_C	2
T>G@G_G	0
T>G@G_T	0
T>G@T_A	0
T>G@T_C	4
T>G@T_G	3
T>G@T_T	0
